target,feature,r2_drop_mean,r2_drop_std,n_repeats
Rct_initial_ohm,Al2O3 Thickness_nm,-0.25558725727532416,0.07845564345896647,120
ICE_percent,Al2O3 Thickness_nm,0.06301136582993709,0.137997144735213,120
Initial Reversible Capacity_mAh_g at 0.1C,Al2O3 Thickness_nm,-0.011616488210478735,0.025509925645649637,120
Highest Capacity Retention_percent,Al2O3 Thickness_nm,0.0969612016154909,0.03142890660726067,120
