series,residual
residual_sample,17.664806990136032
residual_sample,19.64952756029483
residual_sample,9.141887845374214
residual_sample,-12.635193009863968
residual_sample,-21.378260290932747
residual_sample,-28.56286691008618
residual_sample,-31.847473529239615
residual_sample,44.24480699013603
residual_sample,13.847885666305345
residual_sample,10.872503680559316
residual_sample,6.080200370982595
residual_sample,1.6955937518291648
residual_sample,3.4848069901360326
residual_sample,-32.25822610563114
