series,actual,residual
point,50.0,-35.83952954945971
point,37.0,-11.011952564810187
point,27.0,-2.0981640724854174
point,97.0,11.160470450540288
point,96.0,13.627998340799834
point,96.1,16.88029642285396
point,95.0,18.93259450490808
point,77.0,-8.839529549459712
point,78.0,-7.20906993304888
point,79.0,-5.263380508432647
point,82.0,-0.6872314674055815
point,80.0,0.46506661464854915
point,82.8,-3.039529549459715
point,83.0,12.921960860810927
