series,residual
residual_sample,-3.153483362856818
residual_sample,7.725900098876082e-05
residual_sample,7.727839664539715e-05
residual_sample,-33.453483362856815
residual_sample,-0.02104144034976585
residual_sample,-8.527573605565664e-05
residual_sample,-5.9429569343905086e-05
residual_sample,23.42651663714318
residual_sample,-0.18167550362967688
residual_sample,0.018884611574783605
residual_sample,0.06824784229614522
residual_sample,-8.52619834432744e-05
residual_sample,-17.333483362856818
residual_sample,-0.000853801322026726
