series,residual
residual_sample,-25.70714285714287
residual_sample,-38.70714285714287
residual_sample,-48.70714285714287
residual_sample,21.29285714285713
residual_sample,20.29285714285713
residual_sample,20.392857142857125
residual_sample,19.29285714285713
residual_sample,1.2928571428571303
residual_sample,2.2928571428571303
residual_sample,3.2928571428571303
residual_sample,6.29285714285713
residual_sample,4.29285714285713
residual_sample,7.092857142857127
residual_sample,7.29285714285713
