column,dtype,missing,unique,min,max,mean,std,median,q25,q75,iqr
Al2O3 Thickness_nm,float64,0,11,0.0,18.0,3.2142857142857144,5.3268344103383605,1.05,0.05,2.85,2.8000000000000003
Rct_initial_ohm,float64,0,14,7.6,150.0,43.50000000000001,42.57419659118203,35.75,13.925,39.375,25.45
ICE_percent,float64,0,14,32.7,82.4,67.4357142857143,13.098185848714797,71.9,64.7,74.75,10.049999999999997
Initial Reversible Capacity_mAh_g at 0.1C,float64,0,14,123.4,318.1,262.9642857142857,50.136039657390896,273.5,260.225,291.25,31.024999999999977
Highest Capacity Retention_percent,float64,0,14,27.0,97.0,75.70714285714287,22.125601748816973,81.0,77.25,92.0,14.75
