,count,mean,std,min,5%,25%,50%,75%,95%,max
Al2O3 Thickness_nm,51.0,5.196078431372549,16.57501687220033,0.0,0.0,0.0,0.0,0.75,30.0,100.0
Rct_initial_ohm,51.0,136.8298039215686,136.85940478447503,7.6,10.3,36.85,100.0,223.4,325.0,739.2
ICE_percent,51.0,60.017647058823535,15.43044660251093,24.0,31.35,50.1,64.0,72.0,79.0,85.0
Initial Reversible Capacity_mAh_g at 0.1C,51.0,249.9470588235294,99.22875662415846,13.9,59.5,193.9,270.0,305.0,363.75,552.0
Highest Capacity Retention_percent,51.0,77.49019607843137,17.16407008727197,27.0,41.0,70.0,80.0,90.35,96.55,98.5
