target,pearson_r,spearman_r
Highest Capacity Retention_percent,-0.758929879659332,-0.11334032986594075
ICE_percent,-0.14400463892176785,-0.05555898522840233
Initial Reversible Capacity_mAh_g at 0.1C,0.10362365893968392,0.044447188182721864
Rct_initial_ohm,0.8491310216716105,0.06889314168321888
