target,pearson_r,spearman_r
Highest Capacity Retention_percent,-0.014544518648911431,0.07242879838409436
ICE_percent,-0.20422954028860987,0.153416466508575
Initial Reversible Capacity_mAh_g at 0.1C,-0.39725721158777527,-0.0784803650014886
Rct_initial_ohm,-0.23150268614707759,-0.6142125579852413
