target,n_zero,n_nonzero,zero_mean,nonzero_mean,zero_median,nonzero_median,delta_mean_nonzero_minus_zero,delta_median_nonzero_minus_zero
Rct_initial_ohm,36,15,177.66944444444445,38.81466666666667,125.5,25.0,-138.85477777777777,-100.5
ICE_percent,36,15,58.67222222222222,63.24666666666667,62.1,71.2,4.5744444444444525,9.100000000000001
Initial Reversible Capacity_mAh_g at 0.1C,36,15,257.09444444444443,232.79333333333335,278.5,269.0,-24.301111111111084,-9.5
Highest Capacity Retention_percent,36,15,77.08888888888889,78.45333333333335,80.0,82.0,1.3644444444444588,2.0
