,Al2O3 Thickness_nm,Rct_initial_ohm,ICE_percent,Initial Reversible Capacity_mAh_g at 0.1C,Highest Capacity Retention_percent
Al2O3 Thickness_nm,1.0,-0.23150268614707775,-0.20422954028861012,-0.3972572115877758,-0.014544518648911329
Rct_initial_ohm,-0.23150268614707775,1.0,-0.333944992998875,-0.307581878776051,-0.1603362170163475
ICE_percent,-0.20422954028861012,-0.333944992998875,1.0,0.5380325668382646,0.356005427357351
Initial Reversible Capacity_mAh_g at 0.1C,-0.3972572115877758,-0.307581878776051,0.5380325668382646,1.0,0.2527686837435171
Highest Capacity Retention_percent,-0.014544518648911329,-0.1603362170163475,0.356005427357351,0.2527686837435171,1.0
