,Al2O3 Thickness_nm,Rct_initial_ohm,ICE_percent,Initial Reversible Capacity_mAh_g at 0.1C,Highest Capacity Retention_percent
Al2O3 Thickness_nm,1.0,0.8491310216716103,-0.144004638921768,0.10362365893968396,-0.7589298796593322
Rct_initial_ohm,0.8491310216716103,1.0,-0.2801629309879453,-0.06310505722098302,-0.9192288390323932
ICE_percent,-0.144004638921768,-0.2801629309879453,1.0,0.926329110453662,0.3224251338790915
Initial Reversible Capacity_mAh_g at 0.1C,0.10362365893968396,-0.06310505722098302,0.926329110453662,1.0,0.05902413918104811
Highest Capacity Retention_percent,-0.7589298796593322,-0.9192288390323932,0.3224251338790915,0.05902413918104811,1.0
