,Al2O3 Thickness_nm,Rct_initial_ohm,ICE_percent,Initial Reversible Capacity_mAh_g at 0.1C,Highest Capacity Retention_percent
Al2O3 Thickness_nm,1.0,0.06889314168321889,-0.05555898522840233,0.044447188182721864,-0.11334032986594075
Rct_initial_ohm,0.06889314168321889,1.0,-0.5384615384615384,-0.367032967032967,-0.978021978021978
ICE_percent,-0.05555898522840233,-0.5384615384615384,1.0,0.7978021978021979,0.5648351648351648
Initial Reversible Capacity_mAh_g at 0.1C,0.044447188182721864,-0.367032967032967,0.7978021978021979,1.0,0.35824175824175825
Highest Capacity Retention_percent,-0.11334032986594075,-0.978021978021978,0.5648351648351648,0.35824175824175825,1.0
