,Al2O3 Thickness_nm,Rct_initial_ohm,ICE_percent,Initial Reversible Capacity_mAh_g at 0.1C,Highest Capacity Retention_percent
Al2O3 Thickness_nm,1.0,-0.6142125579852413,0.153416466508575,-0.07848036500148861,0.07242879838409436
Rct_initial_ohm,-0.6142125579852413,1.0,-0.4658470969945083,-0.27693772189485977,-0.3004892744872099
ICE_percent,0.153416466508575,-0.4658470969945083,1.0,0.5615933079415206,0.48107893204451835
Initial Reversible Capacity_mAh_g at 0.1C,-0.07848036500148861,-0.27693772189485977,0.5615933079415206,1.0,0.42201801797471955
Highest Capacity Retention_percent,0.07242879838409436,-0.3004892744872099,0.48107893204451835,0.42201801797471955,1.0
