target,MAE,MSE,RMSE,R2,Adj_R2,MAPE_percent,MedianAE,ExplainedVariance
Rct_initial_ohm,5.547003887826607,141.3121283968491,11.887477797953991,0.9160402380519714,0.9090435912229691,32.576859107512085,0.019963025962274727,0.9188843216893332
ICE_percent,1.1033201297067825,4.993944690047625,2.2347135588364844,0.9686522687487583,0.9660399578111548,1.5563041759087566,0.004925863845340217,0.9687861808663898
Initial Reversible Capacity_mAh_g at 0.1C,2.9640234356461823,42.203974665640715,6.496458624946419,0.9819183529937157,0.9804115490765253,1.066088054274457,0.007191736280468319,0.9821539730635134
Highest Capacity Retention_percent,3.7951728323438547,87.28676004046827,9.342738358771921,0.8079815875546916,0.7919800531842492,6.130674094144062,0.007198414576095047,0.8105557421850719
OVERALL_MEAN,3.352380071380857,68.94920194825141,7.490347085127204,0.9186481118372842,0.9118687878237246,10.332481357959841,0.009819760166044578,0.9200950544510771
