target,MAE,MSE,RMSE,R2,Adj_R2,MAPE_percent,MedianAE,ExplainedVariance
Rct_initial_ohm,85.54125490196081,19872.608720627453,140.9702405496545,-0.08219558955373252,-0.10428121383033928,83.2472420335263,41.763999999999996,0.12751459994210312
ICE_percent,11.285490196078431,219.56945882352943,14.817876326367736,0.05937804532653457,0.040181678904627094,25.58616781747041,8.799999999999997,0.13082734323174994
Initial Reversible Capacity_mAh_g at 0.1C,71.5835294117647,8554.127529411766,92.4885264744323,0.11386315746995601,0.09577873211220012,70.77748769846939,55.5,0.114021233426856
Highest Capacity Retention_percent,13.167450980392159,264.85448627450984,16.274350563832336,0.08300504369075956,0.06429086090893832,20.903626308236653,9.820000000000007,0.10228203605669717
OVERALL_MEAN,45.39443137254902,7227.790048784315,66.13774847857172,0.043512664233379406,0.023992514523856562,50.12863096442569,28.971,0.11866130316435156
