target,MAE,MSE,RMSE,R2,Adj_R2,MAPE_percent,MedianAE,ExplainedVariance
Rct_initial_ohm,6.385833333333335,139.99654702380948,11.83201365042356,0.9168218829125843,0.9098903731552996,30.71379985486174,0.8333333333333357,0.9173606543729681
ICE_percent,1.7380952380952368,7.060634920634918,2.6571855261977695,0.9556793477516298,0.9519859600642656,2.401144235243257,0.7499999999999929,0.9558958453142707
Initial Reversible Capacity_mAh_g at 0.1C,6.759285714285718,87.81028650793662,9.370714300838364,0.9623790266974587,0.9592439455889136,2.4547848068082967,5.683333333333337,0.9625806183610094
Highest Capacity Retention_percent,5.094999999999998,91.03139563492061,9.541037450661255,0.7997439237704067,0.7830559174179406,7.357244732313917,0.62083333333333,0.799940969249874
OVERALL_MEAN,4.994553571428572,81.47471602182542,8.350237732030237,0.9086560452830199,0.901044049056605,10.731743407306803,1.971874999999999,0.9089445218245306
