target,MAE,MSE,RMSE,R2,Adj_R2,MAPE_percent,MedianAE,ExplainedVariance
Rct_initial_ohm,9.446195671540888,192.46851112437653,13.873302098793083,0.8856459770309817,0.8761164751168968,63.975777834657976,5.117490080971982,0.8875182305539248
ICE_percent,6.703953457269698,142.67461753570072,11.944648070818191,0.1044102719447233,0.029777794606783536,14.26744988320347,2.823378514546043,0.12378688514646252
Initial Reversible Capacity_mAh_g at 0.1C,26.735185412780247,2598.207069926513,50.97261097811759,-0.11316205309664729,-0.20592555752136787,15.885889516919862,10.099133086690614,0.08419040624466256
Highest Capacity Retention_percent,6.362135142658091,105.36016904891184,10.264510170919596,0.7682226676031767,0.7489078899034414,8.703613141130717,3.2072553688868766,0.7708767769947198
OVERALL_MEAN,12.311867421062232,759.6775919088756,21.76376782966211,0.4112792158705586,0.3622191505264385,25.708182593978005,5.311814262773879,0.4665930747349424
