target,MAE,MSE,RMSE,R2,Adj_R2,MAPE_percent,MedianAE,ExplainedVariance
Rct_initial_ohm,16.185621387901993,361.89223027550736,19.023465254140934,0.7849838803684013,0.7458900404353833,86.10867207838835,13.760567422385268,0.7849838803684013
ICE_percent,8.195610951745559,143.6096133752365,11.983722851236026,0.09854116443193728,-0.06536044203498315,15.965105027588692,6.423280518266189,0.09854116443193761
Initial Reversible Capacity_mAh_g at 0.1C,34.303725885776764,2128.2921070665507,46.133416381908575,0.08816582061005684,-0.0776222120062966,17.17524600032798,26.36560737547255,0.08816582061005684
Highest Capacity Retention_percent,9.616096251614321,165.4206687074944,12.861596662448033,0.6360981416181801,0.5699341673669401,16.345430390101185,6.478021616765513,0.6360981416181801
OVERALL_MEAN,17.07526361925966,699.8036548561972,22.500550287433395,0.40194725175714385,0.2932103884402609,33.89861337410156,13.256869233222382,0.40194725175714396
