target,MAE,MSE,RMSE,R2,Adj_R2,MAPE_percent,MedianAE,ExplainedVariance
Rct_initial_ohm,16.185639204540006,361.892230261777,19.023465253780053,0.7849838803765591,0.7458900404450244,86.10873426276108,13.76069390663109,0.7849838803765591
ICE_percent,8.195664606808636,143.60961335560458,11.983722850416918,0.0985411645551697,-0.06536044188934498,15.965174332014456,6.423435005592317,0.09854116455516959
Initial Reversible Capacity_mAh_g at 0.1C,34.30397517455939,2128.2921065107685,46.133416375884934,0.08816582084817315,-0.07762221172488615,17.17532448809843,26.36575162884492,0.08816582084817304
Highest Capacity Retention_percent,9.616102724214224,165.42066870611265,12.861596662394318,0.6360981416212198,0.5699341673705325,16.34544058571794,6.478063860537734,0.6360981416212199
OVERALL_MEAN,17.075345427530564,699.8036547085657,22.500550285619056,0.40194725185028046,0.29321038855033144,33.898668417147974,13.256986100401516,0.4019472518502804
