target,MAE,MSE,RMSE,R2,Adj_R2,MAPE_percent,MedianAE,ExplainedVariance
Rct_initial_ohm,77.76265625822779,13904.585828739717,117.9177078675621,0.24280291178810331,0.22734990998786053,103.28503702615306,75.65267944335938,0.24291461611717358
ICE_percent,8.710901432411344,159.24173702078184,12.619102068720336,0.3178182669636639,0.3038961907792489,18.8812564209679,6.312732696533203,0.31781920392474405
Initial Reversible Capacity_mAh_g at 0.1C,51.05114629782883,6719.274806897892,81.97118278332876,0.30393871952413865,0.28973338726952924,40.03445658192646,27.944549560546875,0.3039387342075709
Highest Capacity Retention_percent,9.204164766797833,178.88073810764934,13.374630391440705,0.38066846843751023,0.3680290494260309,14.040287298565232,6.7846832275390625,0.38082416892333193
OVERALL_MEAN,36.68221718881645,5240.49577769151,56.47065577776298,0.311307091678354,0.2972521343656674,44.06025933190316,29.17366123199463,0.3113741807932051
