target,MAE,MSE,RMSE,R2,Adj_R2,MAPE_percent,MedianAE,ExplainedVariance
Rct_initial_ohm,77.89653048617977,13901.584207264677,117.90497956941715,0.24296637002186938,0.22751670410394842,104.11384676745242,77.64845281424189,0.24296637002186938
ICE_percent,8.668699654816473,159.21018740405015,12.617851933037182,0.31795342356658296,0.30403410568018674,18.803142794260655,6.325916372930557,0.31795342356658296
Initial Reversible Capacity_mAh_g at 0.1C,50.79944760426826,6718.140780302222,81.96426526421268,0.3040561952974863,0.28985326050763915,39.77824053122271,27.917697262266017,0.3040561952974864
Highest Capacity Retention_percent,9.134311349273732,178.80139939880377,13.371664047485032,0.380943159634457,0.3683093465657725,13.995819431195642,7.006909547247147,0.3809431596344569
OVERALL_MEAN,36.62474727363456,5239.434143592438,56.46469020353801,0.31147978713009894,0.29742835421438674,44.172762381032854,29.7247439991714,0.31147978713009894
