target,MAE,MSE,RMSE,R2,Adj_R2,MAPE_percent,MedianAE,ExplainedVariance
Rct_initial_ohm,17.95977618491867,469.5435433824708,21.668953444559126,0.7210234919403768,0.6977754496020749,101.96668764413819,16.165938699026945,0.7210234919403767
ICE_percent,8.696084810296183,156.00438646432528,12.490171594670958,0.02073733602926975,-0.06086788596829096,16.859223715830733,6.160204343158576,0.02073733602926975
Initial Reversible Capacity_mAh_g at 0.1C,33.11988844469191,2309.015001019181,48.05221119802065,0.010737862691534317,-0.07170064875083781,16.895906151807864,25.134183302873936,0.010737862691534317
Highest Capacity Retention_percent,10.569784265266216,192.751341745536,13.883491698615877,0.5759745622185846,0.5406391090701332,15.746625464084637,9.925788835533147,0.5759745622185846
OVERALL_MEAN,17.586383426293246,781.8285681528783,24.023706983966655,0.33211831321994134,0.27646150598826985,37.86711074396536,14.346528795148151,0.33211831321994134
