target,MAE,MSE,RMSE,R2,Adj_R2,MAPE_percent,MedianAE,ExplainedVariance
Rct_initial_ohm,77.81018150339462,13901.539317996745,117.90478920721051,0.24296881454077757,0.22751919851099756,103.61108641926886,77.66944250929788,0.24296881454090713
ICE_percent,8.623969217286845,159.20063180788617,12.617473273515825,0.31799435914838015,0.3040758766820205,18.73178607624857,6.3277777493085665,0.31799435914838403
Initial Reversible Capacity_mAh_g at 0.1C,50.45969533586576,6717.55997821351,81.96072216747184,0.3041163615888185,0.2899146546824678,39.56422857153029,27.905556327435363,0.3041163615888187
Highest Capacity Retention_percent,9.114599726559888,178.79873639551326,13.371564470753349,0.3809523796428488,0.3683187547376008,13.968075898704068,7.011111131763741,0.380952379642849
OVERALL_MEAN,36.50211144577678,5239.274666103413,56.46363727973788,0.31150797873020625,0.29745712115327166,43.96879424143795,29.728471929451388,0.3115079787302397
