target,MAE,MSE,RMSE,R2,Adj_R2,MAPE_percent,MedianAE,ExplainedVariance
Rct_initial_ohm,11.185238095238093,201.38592619047614,14.191050919170015,0.8803477478228072,0.8703767268080411,58.07192754245103,9.435833333333328,0.8803477478228072
ICE_percent,4.207142857142858,23.39107142857144,4.83643168343888,0.8531707765440903,0.8409350079227645,7.268140300799806,3.5249999999999986,0.8531707765440903
Initial Reversible Capacity_mAh_g at 0.1C,15.007142857142862,336.81577380952405,18.35254134471638,0.8556964367356024,0.8436711397969026,6.80814351818554,15.445833333333326,0.8556964367356024
Highest Capacity Retention_percent,7.223809523809522,105.02761904761904,10.248298348878171,0.7689542301365704,0.7497004159812846,11.215399093249331,5.0,0.7689542301365704
OVERALL_MEAN,9.405833333333334,166.65509761904767,11.90708057405086,0.8395422978097675,0.8261708226272482,20.840902613671428,8.351666666666663,0.8395422978097675
