target,MAE,MSE,RMSE,R2,Adj_R2,MAPE_percent,MedianAE,ExplainedVariance
Rct_initial_ohm,17.959782154127957,469.54354340282043,21.668953445028684,0.7210234919282862,0.6977754495889767,101.96670866628996,16.165963969871036,0.7210234919282862
ICE_percent,8.696083677245394,156.00438646422,12.490171594666744,0.020737336029930553,-0.060867885967575086,16.859222213925925,6.160204923864832,0.020737336029930442
Initial Reversible Capacity_mAh_g at 0.1C,33.11988792692743,2309.01500101926,48.052211198021475,0.010737862691500455,-0.07170064875087445,16.895905986402397,25.13418272216819,0.010737862691500455
Highest Capacity Retention_percent,10.569787187059859,192.7513417492826,13.883491698750808,0.5759745622103426,0.5406391090612044,15.746640152773045,9.925798354025567,0.5759745622103425
OVERALL_MEAN,17.58638523634016,781.8285681588959,24.023706984116924,0.33211831321501495,0.2764615059829329,37.86711925484783,14.346537492482407,0.3321183132150149
