target,MAE,MSE,RMSE,R2,Adj_R2,MAPE_percent,MedianAE,ExplainedVariance
Rct_initial_ohm,82.56287306992496,14045.432640879686,118.51342810365281,0.23513286700216818,0.2195233336756819,121.842746574698,77.21765353704339,0.2352455577393019
ICE_percent,9.753176602390061,165.73978000603617,12.873996271788965,0.28998105350468917,0.2754908709231523,20.981914515278653,7.618909586764914,0.2907411245997473
Initial Reversible Capacity_mAh_g at 0.1C,57.24081157422639,6940.688328784092,83.31079359113134,0.28100211044237233,0.26632868412486965,49.80732105542366,32.775416666666615,0.28187328441341064
Highest Capacity Retention_percent,10.940706800208458,201.9114168186741,14.209553716379487,0.3009302827059709,0.2866635537816029,17.317951979109974,7.802893910606699,0.3009497479487758
OVERALL_MEAN,40.12439201168747,5338.443041622122,57.226942920738146,0.2767615784138001,0.26200161062632665,52.487483531127566,31.353718425270404,0.2772024286753089
