target,MAE,MSE,RMSE,R2,Adj_R2,MAPE_percent,MedianAE,ExplainedVariance
Rct_initial_ohm,100.59905804469035,17379.082277841062,131.8297473176713,0.053593493638855905,0.0342790751416896,238.76643252144473,100.03815387894724,0.053593493638855905
ICE_percent,12.124204196275969,223.69378190293384,14.956396019861664,0.04170970084255876,0.022152755961794557,25.51096196797369,10.767230468768105,0.04170970084255876
Initial Reversible Capacity_mAh_g at 0.1C,65.85000739087288,8129.8645509071775,90.16576152236046,0.15781329205490302,0.14062580821928883,50.04890570486778,47.69574529451023,0.1578132920549029
Highest Capacity Retention_percent,12.971627490102398,288.76762871048595,16.99316417594104,0.0002115395604691539,-0.020192306570949725,22.142510206584774,11.031879404555497,0.00021153956046904288
OVERALL_MEAN,47.8862242804854,6505.352059840414,63.48626725895862,0.06333200652419671,0.044216333187955814,84.11720260021775,42.38325226169527,0.06333200652419665
