target,MAE,MSE,RMSE,R2,Adj_R2,MAPE_percent,MedianAE,ExplainedVariance
Rct_initial_ohm,100.59910410101395,17379.082276841065,131.82974731387853,0.053593493693312344,0.03427907519725759,238.76665814083867,100.03783727100543,0.053593493693312344
ICE_percent,12.124104835497242,223.69378090293387,14.956395986431152,0.04170970512649663,0.022152760333159827,25.510738894826318,10.767534890291046,0.04170970512649652
Initial Reversible Capacity_mAh_g at 0.1C,65.84982486633585,8129.864549907176,90.16576151681511,0.15781329215849482,0.14062580832499472,50.048045715458166,47.69542868656839,0.15781329215849482
Highest Capacity Retention_percent,12.971779293244321,288.767627710486,16.993164146517447,0.000211543022728522,-0.02019230303803221,22.14270322625135,11.034000080392317,0.000211543022728522
OVERALL_MEAN,47.88620327402283,6505.352058840415,63.48626724091056,0.06333200850025808,0.04421633520434498,84.11703649434362,42.3837002320643,0.06333200850025805
