target,MAE,MSE,RMSE,R2,Adj_R2,MAPE_percent,MedianAE,ExplainedVariance
Rct_initial_ohm,11.304764285714285,225.60839182915672,15.020266037229725,0.865956113701307,0.8547857898430826,55.43836192495155,8.55189583333333,0.870053822148988
ICE_percent,4.348476190476187,30.457928620039674,5.518870230404016,0.8088110661791487,0.7928786550274111,7.648256241692383,3.654999999999987,0.8097421870952792
Initial Reversible Capacity_mAh_g at 0.1C,17.015139880952393,425.91128108097763,20.637618105803238,0.8175248302674606,0.8023185661230823,7.808682415642464,15.904999999999944,0.8177246363479393
Highest Capacity Retention_percent,7.113553571428571,108.16798501835315,10.400383888028035,0.7620458732687239,0.7422163627077842,12.664734145994222,5.110416666666669,0.7673903392117379
OVERALL_MEAN,9.945483482142858,197.53639663713182,12.894284565366252,0.81358447085416,0.79804984342534,20.890008682070153,8.305578124999982,0.8162277462009861
