target,MAE,MSE,RMSE,R2,Adj_R2,MAPE_percent,MedianAE,ExplainedVariance
Rct_initial_ohm,101.22420182294367,25324.845881782036,159.1378204003751,-0.37910613068857324,-0.4072511537638501,95.1141812935045,46.65146630736417,0.024209755113209885
ICE_percent,12.549417154353058,230.1110174532339,15.169410583580165,0.014218661427215173,-0.005899325074270267,25.127865401448645,11.116237706307288,0.0386637314452879
Initial Reversible Capacity_mAh_g at 0.1C,173.63669715664875,37949.876582982695,194.80728062108636,-2.931293249255739,-3.0115237237303454,65.4373518109233,193.91207203215765,0.07840237060330679
Highest Capacity Retention_percent,15.166384852034236,325.37435599385844,18.03813615631777,-0.12653044906134525,-0.14952086638912787,23.28045217523622,13.38155251822839,-0.00154966522770561
OVERALL_MEAN,75.64417524649492,15957.551959552955,96.78816194033985,-0.8556777918946106,-0.8935487672393984,52.239962670278175,66.26533214101437,0.03493154798352474
