target,MAE,MSE,RMSE,R2,Adj_R2,MAPE_percent,MedianAE,ExplainedVariance
Rct_initial_ohm,98.0011711905231,16648.61023394446,129.02949365918033,0.09337255009341516,0.03550271286533535,213.68499638973674,93.54565298408323,0.09337255009341516
ICE_percent,11.387708909166482,204.2943931298636,14.293158962589887,0.1248154801479654,0.06895263845528243,23.80112464621239,9.562943564177765,0.12481548014796562
Initial Reversible Capacity_mAh_g at 0.1C,61.28425258735685,7390.526516485918,85.96817153159603,0.23440259577194456,0.18553467635313248,44.39473256806328,41.888540913584166,0.23440259577194456
Highest Capacity Retention_percent,13.05927605951512,274.73783757311384,16.5752175724216,0.048786316948638775,-0.011929450054639634,21.50162752972338,11.017268663151427,0.048786316948638664
OVERALL_MEAN,45.93310218664039,6129.542245283339,61.46651043144696,0.12534423574049097,0.06951514440477766,75.84562028343396,39.003601531249146,0.125344235740491
