target,MAE,MSE,RMSE,R2,Adj_R2,MAPE_percent,MedianAE,ExplainedVariance
Rct_initial_ohm,9.744504761904759,174.6017692153439,13.213696273766242,0.8962613956400378,0.8876165119433743,56.140166391374265,8.94516111111098,0.8962613956400378
ICE_percent,2.9968825396825864,12.103893566843057,3.479065042054123,0.9240220654859893,0.9176905709431551,4.85607386447903,3.1318777777778735,0.9240220654859893
Initial Reversible Capacity_mAh_g at 0.1C,10.218840211640037,141.45625465531842,11.893538357247536,0.9393952327056326,0.934344835431102,4.368872825302105,10.705066666665061,0.9393952327056326
Highest Capacity Retention_percent,6.1551809523809,96.1645386232804,9.806351952855882,0.7884517419203456,0.7708227204137078,9.099110063463067,4.25,0.7884517419203456
OVERALL_MEAN,7.27885211640207,106.08161401519645,9.598162906480946,0.8870326089380014,0.8776186596828348,18.616055786154618,6.758026388888479,0.8870326089380014
