target,MAE,MSE,RMSE,R2,Adj_R2,MAPE_percent,MedianAE,ExplainedVariance
Rct_initial_ohm,103.38288350634372,18363.232037216458,135.51100338059805,0.0,-0.020408163265306145,246.27016319596763,100.32980392156861,0.0
ICE_percent,12.517877739331029,233.43008073817757,15.278418790508969,0.0,-0.020408163265306145,26.35091689499544,11.982352941176465,-4.440892098500626e-16
Initial Reversible Capacity_mAh_g at 0.1C,74.39008073817762,9653.280530565167,98.25110956404089,0.0,-0.020408163265306145,84.16034881762829,60.0529411764706,2.220446049250313e-16
Highest Capacity Retention_percent,12.934256055363324,288.8287274125337,16.994961824391773,0.0,-0.020408163265306145,22.094991941932577,10.509803921568633,0.0
OVERALL_MEAN,50.80627450980393,7134.692843983084,66.50887338988493,0.0,-0.020408163265306145,94.71910521263098,45.71872549019608,-5.551115123125783e-17
