target,MAE,MSE,RMSE,R2,Adj_R2,MAPE_percent,MedianAE,ExplainedVariance
Rct_initial_ohm,105.32718954248365,27753.96435816994,166.5952110901449,-0.5113877721482492,-0.542232420559438,75.70523535912056,53.726666666666674,0.010365857555855285
ICE_percent,13.33202614379085,330.7277559912854,18.185921917551646,-0.416817211155575,-0.44573184811793376,31.25405899260044,10.533333333333331,0.05390071361195137
Initial Reversible Capacity_mAh_g at 0.1C,62.99803921568628,8125.083420479303,90.13924461897439,0.15830857761225692,0.14113120164516002,60.4819264115517,40.5,0.21642443121811794
Highest Capacity Retention_percent,12.470588235294116,242.08949891067542,15.559225524127974,0.1618233370363492,0.14471769085341757,19.05461322223746,9.666666666666671,0.1731553985465476
OVERALL_MEAN,48.531960784313725,9112.9662583878,72.61990078769972,-0.1520182671638045,-0.17552884404469854,46.62395849637755,28.60666666666667,0.11346160023311805
