target,MAE,MSE,RMSE,R2,Adj_R2,MAPE_percent,MedianAE,ExplainedVariance
Rct_initial_ohm,36.817851267255044,2130.610056198347,46.15853178122488,0.0,-0.11111111111111116,182.08113266585585,34.1272727879611,0.0
ICE_percent,7.599999981084148,84.10909090909094,9.171100855900066,-4.440892098500626e-16,-0.1111111111111116,11.758309123540775,6.200000069358126,-2.220446049250313e-16
Initial Reversible Capacity_mAh_g at 0.1C,22.327272802936147,1029.512727272728,32.08602074537645,-4.440892098500626e-16,-0.1111111111111116,9.140243858427112,14.099999167702435,0.0
Highest Capacity Retention_percent,16.55702473033558,513.0970247933884,22.651645079185496,0.0,-0.11111111111111116,35.78653999883794,17.64545440673828,0.0
OVERALL_MEAN,20.82553719540273,939.3322247933886,27.516824615421726,-2.220446049250313e-16,-0.11111111111111138,59.69155641166542,18.018181607939987,-5.551115123125783e-17
