target,MAE,MSE,RMSE,R2,Adj_R2,MAPE_percent,MedianAE,ExplainedVariance
Rct_initial_ohm,97.69659342730803,16771.243290951057,129.5038350434112,0.08669436529685759,0.028398260954103804,219.733384529777,94.60852155871873,0.08669436529685748
ICE_percent,11.496711667221227,206.7033719449706,14.377182336778324,0.11449556419073714,0.05797400445823098,24.116277334204298,9.699320437368513,0.11449556419073714
Initial Reversible Capacity_mAh_g at 0.1C,61.204602663140264,7469.666247559385,86.42723093770496,0.22620437436701524,0.17681316422022897,45.34318420283291,40.690015633303574,0.22620437436701524
Highest Capacity Retention_percent,12.936850894002434,277.09320316051884,16.646116759187976,0.04063143011135795,-0.020604861583661815,21.6553306536923,10.776015376619625,0.04063143011135806
OVERALL_MEAN,45.83368966291799,6181.176528403983,61.738591269270614,0.11700643349149198,0.060645142012225484,77.71204418012663,38.94346825150261,0.11700643349149198
