target,MAE,MSE,RMSE,R2,Adj_R2,MAPE_percent,MedianAE,ExplainedVariance
Rct_initial_ohm,6.444848484848484,157.40160808080807,12.545979757707569,0.9261236904318099,0.9179152115908998,33.6225747820874,0.8333333333333357,0.926172116574601
ICE_percent,1.496969696969699,5.922828282828292,2.4336861512586814,0.9295815919681029,0.9217573244090032,2.047934623809187,1.0,0.929739242839113
Initial Reversible Capacity_mAh_g at 0.1C,4.912727272727282,62.474254545454684,7.904065697187409,0.9393166758501814,0.9325740842779794,1.7596295409874987,0.040000000000020464,0.939820215035533
Highest Capacity Retention_percent,2.3606060606060595,30.440101010101014,5.517254843679147,0.9406737916237996,0.9340819906931107,2.5766990773773717,0.06666666666666288,0.9451300843903921
OVERALL_MEAN,3.8037878787878814,64.05969797979802,7.100246612458202,0.9339239374684735,0.9265821527427482,10.001709506065362,0.48500000000000476,0.9352154147099099
