series,residual
residual_sample,6.024999999999977
residual_sample,5.0
residual_sample,-5.0
residual_sample,-1.9750000000000227
residual_sample,5.566666666666663
residual_sample,1.6333333333333258
residual_sample,-25.366666666666674
residual_sample,14.024999999999977
residual_sample,32.19999999999999
residual_sample,-32.20000000000002
residual_sample,16.866666666666674
residual_sample,-22.433333333333337
residual_sample,-18.075000000000045
residual_sample,23.73333333333335
