layer,x,y
residuals,0.0,25.17061816942538
residuals,12.0,-1.5330229964292812
residuals,18.0,-17.38484357935664
residuals,0.0,17.17061816942538
residuals,1.1,25.09778439588871
residuals,2.1,34.122480965400825
residuals,3.1,6.147177534912942
residuals,0.0,33.17061816942538
residuals,0.2,-72.22444251667218
residuals,0.5,-136.91703354581855
residuals,1.0,36.49531473893751
residuals,2.0,-3.779988691550386
residuals,0.0,1.0706181694253587
residuals,5.0,53.39410101698593
