layer,x,y
residuals,0.0,18.314057332290275
residuals,12.0,17.87490995840662
residuals,18.0,6.15533627146479
residuals,0.0,-11.985942667709725
residuals,1.1,-20.951197843649062
residuals,2.1,-28.337793458139366
residuals,3.1,-31.82438907262967
residuals,0.0,44.894057332290274
residuals,0.2,14.456738209392213
residuals,0.5,11.420759525045124
residuals,1.0,6.527461717799969
residuals,2.0,1.9408661033096664
residuals,0.0,4.134057332290276
residuals,5.0,-32.61892074016125
