series,residual
residual_sample,-26.700577777778122
residual_sample,-0.5
residual_sample,-2.822222222222223
residual_sample,20.299422222221878
residual_sample,6.019999999999996
residual_sample,7.052777777777706
residual_sample,1.7596666666666465
residual_sample,0.2994222222218781
residual_sample,-0.16435555555555936
residual_sample,0.03333333333333144
residual_sample,-5.677777777777777
residual_sample,-7.2213333333333765
residual_sample,6.099422222221875
residual_sample,1.5222222222222257
