series,thickness_nm,absolute_error
point,0.0,25.17061190750377
point,12.0,1.5330058805104159
point,18.0,17.38481477451751
point,0.0,17.17061190750377
point,1.1,25.09778027693585
point,2.1,34.12247879460131
point,3.1,6.14717731226682
point,0.0,33.17061190750377
point,0.2,72.22444838896308
point,0.5,136.91703883366344
point,1.0,36.49531042516929
point,2.0,3.7799910571652617
point,0.0,1.0706119075037464
point,5.0,53.39410449583124
