series,sorted_index,sorted_actual,sorted_predicted,smoothed_actual,smoothed_predicted,between_curves_lo,between_curves_hi
sorted_curves,0.0,7.6,21.686070333074582,7.160559440559443,21.82844563159997,7.160559440559443,21.82844563159997
sorted_curves,1.0,8.2,21.686070333074582,7.570349650349641,21.382336362887088,7.570349650349641,21.382336362887088
sorted_curves,2.0,9.7,21.686070333074582,10.32955710955709,21.488326862900433,10.32955710955709,21.488326862900433
sorted_curves,3.0,10.9,21.686070333074582,14.778974358974331,22.145626157759303,14.778974358974331,22.145626157759303
sorted_curves,4.0,23.0,23.043381512349942,20.25939393939391,23.353443273583004,20.25939393939391,23.353443273583004
sorted_curves,5.0,25.82,25.07934828126298,26.11160839160846,25.11098723649091,25.11098723649091,26.11160839160846
sorted_curves,6.0,35.0,28.47262622945138,28.87762237762245,26.677115520270178,26.677115520270178,28.87762237762245
sorted_curves,7.0,36.5,29.15128181908906,29.01282051282059,26.23417014708008,26.23417014708008,29.01282051282059
sorted_curves,8.0,37.2,35.259182125828175,33.26573426573435,28.543813878714147,28.543813878714147,33.26573426573435
sorted_curves,9.0,37.5,35.93783771546586,37.98974358974381,33.433614409180514,33.433614409180514,37.98974358974381
sorted_curves,10.0,40.0,42.72439361184266,49.652540792541046,44.93991145167392,44.93991145167392,49.652540792541046
sorted_curves,11.0,66.58,55.61884981495858,71.23696969696998,65.49811358485917,65.49811358485917,71.23696969696998
sorted_curves,12.0,121.0,103.12474108959617,105.72587412587447,97.54362938740108,97.54362938740108,105.72587412587447
sorted_curves,13.0,150.0,143.84407646785695,156.10209790209828,143.51186743796455,143.51186743796455,156.10209790209828
