layer,x,y
residuals,0.0,-0.5738732214364575
residuals,12.0,-0.3247465280736037
residuals,18.0,-4.20018318139217
residuals,0.0,4.4261267785635425
residuals,1.1,6.8156300587884715
residuals,2.1,11.16972394990205
residuals,3.1,6.523817841015614
residuals,0.0,8.626126778563545
residuals,0.2,-18.30305444321374
residuals,0.5,-35.69682627587967
residuals,1.0,14.180220669677126
residuals,2.0,3.3343145607906877
residuals,0.0,-1.7738732214364603
residuals,5.0,5.7965962341314
