series,residual
residual_sample,58.64716347393113
residual_sample,111.29785211837526
residual_sample,115.72332029455143
residual_sample,50.64716347393113
residual_sample,38.16419065396104
residual_sample,40.619334093352506
residual_sample,17.485757757849143
residual_sample,66.64716347393113
residual_sample,-43.40347357902755
residual_sample,-114.32552690380604
residual_sample,50.8658787274768
residual_sample,2.8436198268661883
residual_sample,34.54716347393111
residual_sample,97.13259302412581
