layer,x,y
residuals,0.0,-35.83953581138124
residuals,12.0,-11.011935448891222
residuals,18.0,-2.0981352676462137
residuals,0.0,11.16046418861876
residuals,1.1,13.627994221847018
residuals,2.1,16.88029425205451
residuals,3.1,18.932594282262016
residuals,0.0,-8.83953581138124
residuals,0.2,-7.209075805339737
residuals,0.5,-5.26338579627749
residuals,1.0,-0.6872357811737402
residuals,2.0,0.46506424903375887
residuals,0.0,-3.039535811381242
residuals,5.0,12.92196433965627
