series,residual
residual_sample,7.055555555555557
residual_sample,73.28888888888889
residual_sample,102.28888888888889
residual_sample,-23.244444444444444
residual_sample,-22.72
residual_sample,-20.086666666666666
residual_sample,-18.264444444444443
residual_sample,33.635555555555555
residual_sample,4.555555555555557
residual_sample,3.5555555555555642
residual_sample,2.055555555555557
residual_sample,9.513333333333335
residual_sample,-7.124444444444443
residual_sample,-6.164444444444445
