series,actual,residual
point,68.0,-3.700000000000003
point,64.0,0.0
point,58.0,0.0
point,73.0,1.2999999999999972
point,75.0,0.0
point,79.0,4.066666666666663
point,74.0,-0.19999999999998863
point,77.2,5.5
point,50.2,0.0
point,32.7,0.0
point,82.4,0.0
point,71.2,-3.2666666666666515
point,66.8,-4.900000000000006
point,72.6,-1.4000000000000057
