series,residual
residual_sample,-2.8958333333333286
residual_sample,0.5200000000000031
residual_sample,-3.8299999999999983
residual_sample,2.1041666666666714
residual_sample,4.527500000000003
residual_sample,3.375
residual_sample,-0.7950000000000017
residual_sample,6.304166666666674
residual_sample,-4.913916666666665
residual_sample,-12.399750000000019
residual_sample,10.91249999999998
residual_sample,-3.4799999999999756
residual_sample,-4.095833333333331
residual_sample,-0.7249999999999659
