series,residual
residual_sample,0.5642857142857025
residual_sample,-3.4357142857142975
residual_sample,-9.435714285714297
residual_sample,5.5642857142857025
residual_sample,7.5642857142857025
residual_sample,11.564285714285703
residual_sample,6.5642857142857025
residual_sample,9.764285714285705
residual_sample,-17.235714285714295
residual_sample,-34.735714285714295
residual_sample,14.964285714285708
residual_sample,3.7642857142857054
residual_sample,-0.6357142857143003
residual_sample,5.164285714285697
