series,residual
residual_sample,8.537664407188643
residual_sample,26.885965769834165
residual_sample,25.55570663304575
residual_sample,13.537664407188643
residual_sample,9.703300174437274
residual_sample,11.943851429878592
residual_sample,8.604435367704625
residual_sample,17.737664407188646
residual_sample,-10.597224788384352
residual_sample,-29.882611583053034
residual_sample,17.47218159358424
residual_sample,4.16099458357543
residual_sample,7.33766440718864
residual_sample,17.141941122218412
