series,actual,residual
point,40.0,18.31390151870799
point,121.0,17.875335848864808
point,150.0,6.156053013943222
point,9.7,-11.98609848129201
point,8.2,-20.95130033436097
point,7.6,-28.337847473514564
point,10.9,-31.824394612668165
point,66.58,44.89390151870799
point,37.5,14.456592090877269
point,36.5,11.420627949131188
point,35.0,6.527354379554389
point,37.2,1.9408072404007939
point,25.82,4.13390151870799
point,23.0,-32.61883417706001
