series,thickness_nm,residual
point,0.0,18.31390151870799
point,12.0,17.875335848864808
point,18.0,6.156053013943222
point,0.0,-11.98609848129201
point,1.1,-20.95130033436097
point,2.1,-28.337847473514564
point,3.1,-31.824394612668165
point,0.0,44.89390151870799
point,0.2,14.456592090877269
point,0.5,11.420627949131188
point,1.0,6.527354379554389
point,2.0,1.9408072404007939
point,0.0,4.13390151870799
point,5.0,-32.61883417706001
