series,actual,residual
point,50.0,-35.83946343766284
point,37.0,-11.01213327038829
point,27.0,-2.098468186751006
point,97.0,11.160536562337157
point,96.0,13.628041827670657
point,96.1,16.880319341610203
point,95.0,18.932596855549747
point,77.0,-8.839463437662843
point,78.0,-7.209007934874933
point,79.0,-5.263324680693074
point,82.0,-0.6871859237232911
point,80.0,0.4650915902162467
point,82.8,-3.039463437662846
point,83.0,12.921924132034889
