series,residual
residual_sample,-3.500000000000007
residual_sample,77.5
residual_sample,106.5
residual_sample,-33.80000000000001
residual_sample,-35.30000000000001
residual_sample,-35.900000000000006
residual_sample,-32.60000000000001
residual_sample,23.07999999999999
residual_sample,-6.000000000000007
residual_sample,-7.000000000000007
residual_sample,-8.500000000000007
residual_sample,-6.300000000000004
residual_sample,-17.680000000000007
residual_sample,-20.500000000000007
